{
  "accuracy": 0.8684999942779541,
  "loss": 0.30959561467170715,
  "val_accuracy": 0.8610000014305115,
  "val_loss": 0.3392041027545929,
  "epoch": 21,
  "global_step": 5500
}