{
  "accuracy": 0.8712499737739563,
  "loss": 0.3087937831878662,
  "val_accuracy": 0.8575000166893005,
  "val_loss": 0.3369912803173065,
  "epoch": 13,
  "global_step": 3500
}