{
  "accuracy": 0.8711249828338623,
  "loss": 0.3062172532081604,
  "val_accuracy": 0.8615000247955322,
  "val_loss": 0.33948472142219543,
  "epoch": 24,
  "global_step": 6250
}