{
  "accuracy": 0.8698750138282776,
  "loss": 0.3131851255893707,
  "val_accuracy": 0.8619999885559082,
  "val_loss": 0.33822929859161377,
  "epoch": 17,
  "global_step": 4500
}